station_name,station_id,longitude,station_seq,exist_bus,latitude
Ланс Эцэс,100000059,106.97135,1,N,47.7068
Ланс 2,100000057,106.96721,2,N,47.70371
Ланс 1,100000055,106.96376,3,N,47.70284
Гандан,100000054,106.96151,4,N,47.70511
60 айл,100000049,106.95182,5,N,47.70987
Хүмүүн ахлах сургууль,100000048,106.94874,6,N,47.70969
Авто тээврийн төв,100000047,106.94383,7,N,47.70566
Нэгдсэн эмнэлэг,100000061,106.95082,8,N,47.70359
Ская худалдааны төв,100000052,106.95296,9,N,47.70578
Баянхошуу Эцэс,100000063,106.96512,1,N,47.69029
Баянхошуу 3,100000065,106.9621,2,N,47.68893
Баянхошуу 2,100000067,106.95697,3,N,47.68627
Баянхошуу 1,100000069,106.9514,4,N,47.68787
Авто засвар,100000070,106.94888,5,N,47.69188
АЗЗА,100000073,106.94913,6,N,47.69581
Замт дэлгүүр,100000081,106.95454,1,N,47.71303
Зүүндэлгэр Эцэс,100000091,106.99313,1,N,47.7002
Зүүндэлгэр 3,100000087,106.98765,2,N,47.70029
Зүүндэлгэр 2,100000089,106.98791,3,N,47.69779
Зүүндэлгэр 1,100000085,106.98548,4,N,47.69536
Түмэн маркет,100000093,106.97265,5,N,47.6961
Од маркет,100000082,106.96179,6,N,47.70089
5 Шар,000000020,106.81484,1,Y,47.90965
Монгол хюндэй киа компани,000000018,106.82659,2,N,47.91061
32-р байр,000000011,106.83359,3,N,47.91113
Хар хорин,000000009,106.84054,4,Y,47.91166
Цамбагарав,000000006,106.84736,5,Y,47.9122
Саппоро,000000004,106.85283,6,Y,47.91256
3-р эмнэлэг,000000147,106.86022,7,N,47.91305
10-р хороолол,000000149,106.86828,8,Y,47.91359
25-р Эмийн сан,000000151,106.87949,9,Y,47.91437
ТБД андууд,000001225,106.88725,10,Y,47.91471
Баруун 4 зам,000000274,106.89752,11,Y,47.915350000000004
Улсын Их Дэлгүүр,000000273,106.90354,12,Y,47.91585
Хүнсний 20,100000039,106.90802,13,Y,47.91624
Сүхбаатарын талбай,000000279,106.9179,14,N,47.91675
Өргөө амаржих газар,000000281,106.92632,15,Y,47.918
Бөхийн өргөө,000000369,106.93362,16,Y,47.91839
Зүүн 4 зам,000000371,106.94104,17,Y,47.91885
Жуковын музей,000000373,106.95157,18,N,47.91739
Монгол кино үйлдвэр,000000375,106.9605,19,N,47.91662
Баянзүрх дүүрэг,000000377,106.96512,20,N,47.91621
Офицеруудын ордон,000000379,106.97028,21,N,47.9158
Офицеруудын ордон,000000380,106.97022,22,Y,47.91616
Зунжин худалдааны төв,000000615,106.92323,1,N,48.00505
Ар согоот,000000333,106.92437,2,N,47.99991
Салхит,000000331,106.92567,3,N,47.99331
Салхит завсар-3,000001258,106.92511,4,Y,47.98865
Салхит завсар-2,000001256,106.92361,5,N,47.98344
Салхит завсар-1,000001254,106.92049,6,N,47.98006
Замын цагдаагийн пост,000000314,106.91797,7,N,47.97417
7 БУУДАЛ,000000241,106.91723,8,N,47.96827
6 буудал,000000243,106.91725,9,N,47.96502
Оргил супермаркет,000001444,106.91672,10,N,47.96128
7 Завсар,000000245,106.91593,11,Y,47.95819
5 буудал,000000247,106.915,12,N,47.95455
17-р сургууль,000000269,106.91389,13,N,47.94768
32-ын тойрог,000000267,106.91448,14,N,47.94317
Ногоон нуур буудал,000000300,106.91599,15,N,47.93502
4-р дэлгүүр,000000294,106.91744,16,Y,47.92716
МУБИС,000000287,106.9233,17,Y,47.91972
Архивын ерөнхий газар,000000807,106.79047,1,Y,47.83998
Шинэ яармаг хороолол,000000627,106.79,2,N,47.84887
Буянт-Ухаа спорт цогцолбор,000000562,106.78855,3,N,47.85372
118-р Сургууль,000000716,106.79335,4,N,47.85966
Яармагийн 4-р буудал,000000519,106.80076,5,Y,47.86191
Эмнэлгийн буудал,000000521,106.81206,6,N,47.86537
Яармагийн 3-р буудал,000000523,106.819,7,N,47.8674
Яармагийн 2-р буудал,000000525,106.82656,8,N,47.86967
Яармагийн 1-р буудал,000000529,106.83363,9,N,47.87181
Англи сургууль,000001313,106.84509,10,N,47.87494
Хүннү Их дэлгүүр,000000718,106.85233,11,Y,47.87787
Вива сити,000000527,106.85894,12,N,47.88135
MSM,000000721,106.8725,13,N,47.89191
Жем,000000534,106.88065,14,N,47.89461
Таван богд компани,000000538,106.89097,15,N,47.8981
Ажилчдын соёлын ордон,000000540,106.89815,16,Y,47.89888
Төв цэнгэлдэх хүрээлэн,000000542,106.91039,17,N,47.90169
Төв номын сан,000000282,106.91556,18,Y,47.91426
Сүхбаатарын талбайн төв зогсоол,100000133,106.91779,19,N,47.91794
ШАР ХАДНЫ ЭЦЭС,000000437,107.00545,1,N,47.93451
Да хүрээ зах,000000436,107.00532,2,N,47.93026
Цахлай,000000434,106.99976,3,N,47.92722
Эрдэнэтолгой,000000431,106.99444,4,N,47.92422
16-р хороолол,000000429,106.9841,5,Y,47.92376
Цайз зах,000000425,106.97032,6,Y,47.92425
1000 оюутны байр,000000423,106.96296,7,Y,47.92382
Их засаг Их Сургууль,000000418,106.95287,8,N,47.92364
Цагдаагийн 801-р анги,000000420,106.94792,9,N,47.92443
КТМС,000000362,106.94321,10,N,47.92656
Сансар ШТС,000000416,106.93761,11,Y,47.92848
Сүхбаатар дүүргийн эмнэлэг,000000306,106.92891,12,Y,47.929990000000004
3-р сургууль,000000270,106.91833,13,N,47.92921
Баянбүрд,000000257,106.90752,14,Y,47.92833
МҮИС,000000177,106.89413,15,N,47.92484
Москва ресторан,000000182,106.88093,16,N,47.92297
Өргөө кино театр,000000165,106.87491,17,Y,47.92282
"3,4-р хороололын эцэс",000000164,106.86711,18,Y,47.92255
Гэмтлийн эмнэлэг,000000162,106.85723,19,N,47.92134
Дэнж,000001396,106.85477,20,N,47.9198
Саппоро,000000005,106.85172,21,Y,47.9128
Цамбагарав,000000007,106.8453,22,Y,47.91235
Ботаник,000000579,107.00088,1,N,47.91291
Хууль сахиулах их сургууль,000000386,106.99569,2,Y,47.91314
Шөнийн дэлгүүр,000000384,106.98791,3,N,47.91273
Чулуун овоо,000000382,106.98015,4,N,47.91234
Номин худалдааны төв,000001160,106.97461,5,Y,47.91042
БЗД 13-р хороо,000000412,106.96653,6,Y,47.90795
Ахмадын хороолол,000000409,106.95923,7,N,47.90806
Нарантуул зах,000000407,106.94687,8,N,47.90812
Миний дэлгүүр,000000651,106.93575,9,N,47.90821
Замын цагдаагийн газар,000000311,106.92855,10,N,47.90832
ҮСА Хүрээлэн,000001503,106.92281,11,N,47.90833
Жигүүр гранд,000000285,106.90869,12,Y,47.90835
Монгол эм импекс,000001407,106.90055,13,N,47.90867
Вокзал,000000178,106.88438,14,N,47.90969
Хермес худалдааны төв,000001406,106.87419,15,Y,47.91139
10-р хороолол,000000150,106.867,16,Y,47.91393
ТЭЦ-3,000000636,106.86723,1,N,47.89963
Говь,000000558,106.87107,2,N,47.90262
Хос Өргөө хотхон,000000618,106.8856,3,N,47.90244
Жаргалант төв,000000555,106.89898,4,N,47.9023
Дунд голын 1-р буудал,000000702,106.90598,5,N,47.90432
Төв цэнгэлдэх хүрээлэн,000000545,106.91763,6,Y,47.90412
Жаргалан хотхон,000000547,106.92472,7,N,47.9044
Баянмонгол хороолол,000000772,106.93309,8,N,47.90444
Сүмбэр Орд,000000774,106.93957,9,N,47.9047
Дүнжингарав Худалдааны төв,100000132,106.94869,10,N,47.90469
Шинэ зуун айл худалдааны төв,100000202,106.96942,11,N,47.90539
Монгол тэмүүлэл сургууль,100000203,106.98226,12,N,47.90522
Санзайн эцэс,000000620,106.88855,1,N,48.14857
Санзай,000000897,106.89512,2,N,48.13337
Хандгайт,000000895,106.90227,3,N,48.11296
Их тамир амралт,000001144,106.91427,4,N,48.11304
Майхан толгой,000001354,106.89669,5,N,48.09582
Майхан толгой 1,000001356,106.8972,6,N,48.08795
Баянбулаг,000001358,106.89856,7,N,48.08249
Баянбулаг 1,000000357,106.89976,8,N,48.07743
Баянбулаг,000001326,106.89855,9,N,48.06998
Хуурай мухар,000000356,106.89877,10,N,48.06591
Хуурай мухар1,000001325,106.90106,11,N,48.06071
Шарга морьт 1,000000349,106.9053,12,N,48.05266
Жигжидийн уулзвар,000000345,106.90065,13,N,48.04772
Яргайтын богино,000000342,106.90313,14,N,48.04296
Яргайтын богино 1,000001264,106.90529,15,N,48.03875
Яргайт,000000340,106.9074,16,N,48.03486
Яргайт 1,000001262,106.91126,17,N,48.02909
100 мод,000000338,106.91328,18,N,48.02489
Сэтгүүлчдийн төгөл,000001266,106.91534,19,N,48.01941
Шадивлан,000000335,106.9177,20,N,48.01522
Шадивлан-1,000001296,106.92089,21,N,48.01132
Шанд хурган,000001217,106.57094,1,N,47.88011
Хурган 6-р гудамж,000001218,106.57736,2,N,47.87601
Шанд хурган 2-р зогсоол,100000231,106.57958,3,N,47.88153
Шанд хурган 1-р зогсоол,100000229,106.58418,4,N,47.88544
Эмээлтийн 6-р зогсоол,000001216,106.59182,5,N,47.88728
Эмээлтийн 5-р зогсоол,100000227,106.59774,6,N,47.88163
Эмээлтийн 4-р зогсоол,100000225,106.60475,7,N,47.87814
Эмээлтийн 3-р зогсоол,100000223,106.63659,8,N,47.88403
Эмээлтийн 2-р зогсоол,100000221,106.65072,9,N,47.89158
Эмээлтийн 1-р зогсоол,100000219,106.66378,10,Y,47.89721
Товчооны зам 9-р зогсоол,100000217,106.67369,11,N,47.89908
Товчооны зам 8-р зогсоол,000000858,106.68712,12,N,47.89957
Товчооны зам 7-р зогсоол,000000859,106.70797,13,N,47.90032
Товчооны зам 6-р зогсоол,100000126,106.7163,14,N,47.90062
Товчооны зам 5-р зогсоол,100000124,106.73034,15,N,47.90186
Товчооны зам 4-р зогсоол,100000122,106.74171,16,N,47.90236
Товчооны зам 3-р зогсоол,100000120,106.74959,17,N,47.90395
Товчооны зам 2-р зогсоол,100000118,106.75731,18,N,47.9047
Товчооны зам 1-р зогсоол,100000116,106.76544,19,N,47.90558
Оргил худалдааны төв,000001441,106.77638,20,N,47.906530000000004
19-р сургууль,000000038,106.79295,21,N,47.90797
5 Шар,000000633,106.81329,22,N,47.90952
5 Шар,000000021,106.81352,23,N,47.90991
Давааны зөрлөг,000001329,106.53356,1,N,47.9352
Эмээлт,000001381,106.57315,2,Y,47.90036
Эмээлтийн 7-р зогсоол,000001379,106.58289,3,N,47.89248
Шанд хурган 1-р зогсоол,100000228,106.58393,4,N,47.88544
Шанд хурган 2-р зогсоол,100000230,106.57954,5,N,47.88161
Хонхор Эцэс,000001214,107.16189,1,N,47.81142
Хонхор 2,000001373,107.16881,2,N,47.81431
Хонхор 1,000001375,107.17155,3,N,47.81793
Хонхор Дэнж,000000473,107.17132,4,N,47.8235
Эмийн Ургамал,000000870,107.13789,5,N,47.85069
Петровис ШТС,000001428,107.12596,6,N,47.86012
Чулуутын гүүр,000001424,107.12013,7,N,47.86407
Ургах наран хороолол,000000470,107.10942,8,N,47.87157
Усан сан,000000878,107.10477,9,Y,47.87519
Ногооны зоорь,000000468,107.09497,10,N,47.88144
Налайх МТ ШТС,000000673,107.08644,11,N,47.8849
Хөх Тэнгэр хотхон,000000675,107.08199,12,N,47.88653
Баянзүрх ШБ товчоо,000000467,107.07162,13,Y,47.88798
Хангамж 8-р зогсоол,000000394,107.024,14,N,47.90386
Амгалан,000000392,107.01424,15,N,47.90677
12-ын буудал,000000390,107.00749,16,N,47.90918
Ботаник,000000388,107.00079,17,N,47.91263
Икс апартмент,000001402,106.97501,21,N,47.91446
Мал бордох,000001220,106.68251,1,Y,47.8891
Мал бордох дунд,000001219,106.68621,2,N,47.89231
Мал бордох дунд зогсоол,000000946,106.69573,3,N,47.89601
Баруун түрүү эцэс,000000919,106.61941,1,N,47.92812
Баруун түрүү/баруун/,000000917,106.62954,2,N,47.91542
Баруун Туруун худаг,000000849,106.62814,3,N,47.90851
Баруун түрүүн завсар1,000000851,106.63675,4,N,47.90804
Баруун түрүүн завсар2,000000854,106.64447,5,N,47.90245
Жаргалант Партизан,000001586,106.62594,1,N,48.1291
Жаргалант 2 дэлгүүрийн зогсоол,000001588,106.63665,2,N,48.12606
Жаргалант 3 Бүс нуур дэлгүүр,000001590,106.64302,3,N,48.1249
Дугуй засвар,000001592,106.64965,4,N,48.12138
347 точка,000001594,106.62037,5,N,48.10109
Рашаант,000001596,106.57184,6,N,48.06376
Халуун усны зогсоол,000001598,106.55119,7,N,48.00721
Цагдаагийн купон,000001600,106.5491,8,N,48.0004
361 гарам Тамир дэлгүүр,000001603,106.54085,9,N,48.00323
361 гарам Тамир дэлгүүр,000001602,106.54093,10,Y,48.00309
Нарангийн эцсийн зогсоол,100000215,107.27215,1,N,47.76466
Уурхайчдын гудамж 1-р зогсоол,100000232,107.26242,2,N,47.76651
Содон Төв,000000871,107.24878,3,N,47.76754
Нарлагийн  зам 3-р зогсоол,000001568,107.24377,4,N,47.76683
Нарлагийн  зам 2-р зогсоол,000001570,107.23955,5,N,47.76941
Нарлагийн  зам 3-р зогсоол,000001571,107.23267,6,N,47.77179
Шинэ налайх хороолол,000001132,107.24113,7,N,47.77745
ШАРГА МОРЬТЫН ЭЦЭС-зуслан,000000350,106.93177,1,N,48.06906
Шарга морьтын 5-р буудал,000001605,106.92595,2,N,48.06796
Шарга морьтын 4-р буудал,000001607,106.92189,3,N,48.06566
Шарга морьт 3,000000352,106.91612,4,N,48.06214
Шарга морьт 2,000000353,106.90878,5,N,48.05878
Городок,000000881,107.39184,1,N,47.78116
Городок 1,000001331,107.38781,2,N,47.77729
Городок 2,000001562,107.37843,3,N,47.77551
Городок 3,000001563,107.36995,4,N,47.77722
Городок-4,000000698,107.34612,5,N,47.78034
Энгэр Шанд,000000920,107.25909,6,N,47.78848
Налайх дунд 2,000001335,107.24955,7,N,47.78633
Налайх дунд 1,000001333,107.24954,8,Y,47.78165
НАЛАЙХ,000000476,107.25198,9,N,47.77668
Соёлын ордон,000000875,107.2537,10,N,47.77257
Галын буудал,000000873,107.25217,11,N,47.76991
10 ШАР БАЙР,000000477,107.24583,13,N,47.76716
Эм Ай Ю дээд сургууль,000001401,106.97512,2,N,47.9141
Чулуун овоо,000000381,106.98419,3,N,47.91228
Шөнийн дэлгүүр,000000383,106.98937,4,N,47.91254
Хууль сахиулах их сургууль,000000385,106.99748,5,N,47.91297
БОТАНИКИЙН ЭЦЭС,000000387,107.00181,6,N,47.91195
Төмөр замын засварын төв,000000389,107.00833,7,N,47.90859
Амгалан,000000391,107.0146,8,N,47.90654
Хангамж,000000393,107.02555,9,N,47.90329
Баянзүрх ШБ товчоо,000000466,107.07026,10,N,47.887950000000004
Хөх Тэнгэр хотхон,000000676,107.08159,11,N,47.88636
Налайх МТ ШТС,000000674,107.08748,12,N,47.88422
Ногооны зоорь,000000469,107.09907,13,N,47.87877
Усан сан,000000877,107.10531,14,N,47.87452
Ургах наран хороолол,000000471,107.11002,15,N,47.8709
Чулуутын гүүр,000001425,107.12084,16,N,47.86332
Петровис ШТС,000001429,107.12725,17,N,47.85894
Эмийн Ургамал,000000869,107.13781,18,N,47.85049
Хонхор Дэнж,000000474,107.17131,19,N,47.82331
Оргил Налайх,000000901,107.2172,20,N,47.79118
Галын буудал,000001460,107.25265,23,N,47.77015
Соёлын ордон,000001461,107.25379,24,N,47.7726
Налайх,000001463,107.25254,25,N,47.77668
Налайх дунд 1,000001334,107.24961,26,N,47.78248
Налайх дунд 2,000001336,107.2496,27,N,47.78733
Энгэр Шанд,000000921,107.25949,28,N,47.788380000000004
Мэлхий хад,000001126,107.42382,29,N,47.90826
Тэрэлж 6-р хороо,000001136,107.458,30,N,47.9887
Тэрэлж Усан сан,000001137,107.45505,31,N,47.99039
Шилжрээ,000001139,107.43358,32,N,47.98467
Содон Төв,000000872,107.24846,2,N,47.76722
Галын буудал,000000874,107.2528,3,N,47.77022
Соёлын ордон,000000876,107.25383,4,Y,47.77269
Налайх,000000475,107.25136,5,N,47.77688
Шинэ налайх хороолол,000001131,107.24023,6,N,47.77744
Оргил Налайх,000000902,107.2175,7,N,47.79108
Түргэний гол эцэс,000000574,106.64226,1,N,47.78861
Өлзийт 9,000001204,106.65026,2,N,47.78666
Өлзийт 8,000001202,106.66243,3,N,47.78614
Өлзийт 7,000001200,106.67163,4,N,47.785470000000004
Өлзийт 6,000001198,106.68305,5,N,47.78615
Өлзийт 5,000001196,106.6965,6,N,47.78653
ХУД 14-р хороо,000000808,106.70879,7,N,47.79071
Өлзийтийн 3-р буудал,000000575,106.71701,8,N,47.78196
Өлзийтийн 2-р буудал,000000569,106.72713,9,N,47.77806
Өлзийтийн 1-р буудал,000000571,106.73465,10,N,47.77701
Айдсын даваа,000000566,106.74685,11,N,47.78871
Жаргалан ЭКО,000000936,106.76312,12,N,47.82226
Яармаг ШБ товчоо,000000564,106.78402,13,N,47.82853
Үндэсний биеийн тамирын ДС,100000113,106.78825,14,N,47.83483
Яармагийн 3-р буудал,000000524,106.8177,22,N,47.86737
Туул тосгон шинэ эцэс,000001345,106.54387,1,N,47.75108
Дундын зогсоол,000001344,106.55007,2,N,47.75215
Туул тосгон,000000490,106.56336,3,N,47.75465
4-р Хэсэг,000000810,106.57312,4,N,47.75634
Усны аж ахуй,000001505,106.57816,5,N,47.75823
Шинэ суурьшил,000000491,106.59302,6,N,47.76323
7-р хэсэг,000000818,106.60142,7,N,47.76854
Шинэ мах комбинат,000000816,106.61105,8,N,47.7764
Дэвшлийн талбай,000000846,106.61606,9,N,47.78103
Монос,000000495,106.62006,10,N,47.78467
Бетонон гүүрний буудал,000000493,106.62762,11,N,47.79272
Таван толгой,000001390,106.63473,12,N,47.80289
Мод үржүүлэг,000000497,106.63938,13,N,47.80907
Мод үржүүлэг,000001393,106.64513,14,N,47.81473
Цэргийн анги,000001389,106.6585,15,N,47.82774
Хабитат хороолол,000000811,106.66161,16,N,47.83062
Хабитат 1,000001387,106.66387,17,N,47.834
Цээл,000000814,106.66771,18,N,47.83707
Био комбинат,000000499,106.67904,19,N,47.843
Био завсар,000001585,106.68364,20,N,47.84167
Био дэнж,000001395,106.69282,21,N,47.83981
Морингийн даваа,000000501,106.73037,22,N,47.84491
Буянт ухаа-1,000000503,106.76553,23,N,47.85607
Нисэхийн дэнж,000000512,106.77161,24,N,47.85614
ИНЕГ,000000510,106.77835,25,Y,47.85625
Буянт-ухаа спорт цогцолбор,000000138,106.78332,26,N,47.85672
Найрамдал зуслан,000000883,106.7321,1,N,48.01798
Биг дэлгүүр,100000022,106.71521,2,N,47.99314
Баянгол дэлгүүр,100000024,106.71226,3,N,47.96739
Хаадын зам,100000025,106.71652,4,N,47.9538
Баянголын ам,000000663,106.71932,5,Y,47.94433
Орбитын шинэ эцэс,000000894,106.72344,6,N,47.93674
Орбит 2,000000662,106.72773,7,N,47.93183
Орбит 1,000000660,106.7335,8,N,47.92808
Улаан дэлгүүр,000000034,106.74032,9,N,47.92524
Зааны төгөл цэцэрлэг,000000888,106.7452,10,N,47.92071
Тойрог,000000890,106.74986,11,N,47.91647
Шинэ зам 1,000001414,106.75431,12,N,47.91662
Шинэ зам 2,000001416,106.7615,13,N,47.91777
Гүүрний буудал,000000079,106.77057,14,N,47.91754
Өрхийн эмнэлэг,000000077,106.77343,15,N,47.91571
42-р сургууль,000000075,106.7764,16,N,47.91371
Цэргийн хотхон,000000072,106.7824,17,N,47.91277
Нефть хотхон,000000024,106.78749,18,N,47.910470000000004
10 буудал,000000022,106.79976,19,N,47.90955
190-р цэцэрлэг,000001448,106.6579,1,N,47.82703
Гадна тойруугийн эцэс,100000201,106.95025,1,N,47.95406
Гадна тойруу 4,000001560,106.94383,2,N,47.9513
21-р хороо завсар,000000364,106.93924,3,N,47.95021
Дарь эх хуучин эцэс,000000487,106.93181,4,N,47.94084
Дарь эх дунд буудал,000000483,106.93181,5,Y,47.93523
Хас зах,000001431,106.93389,6,N,47.93132
Сансар ШТС,000000417,106.93897,7,N,47.92794
Сансарын үйлчилгээний төв,000000413,106.94195,8,N,47.92355
Хавдар судлалын эмнэлэг,000000401,106.94377,9,N,47.91484
Улаанбаатар их сургууль,000000406,106.94343,10,Y,47.91104
Их монгол хороолол,000001445,106.94323,11,N,47.90647
Сүмбэр Орд,000000773,106.93836,12,N,47.90484
Баянмонгол хороолол,000000771,106.93121,13,N,47.90455
Жаргалан хотхон,000000546,106.92353,14,N,47.904560000000004
Төв цэнгэлдэх хүрээлэн,000000544,106.91685,15,N,47.90435
120 Мянгат,000001337,106.90897,16,N,47.9001
Ажилчдын соёлын ордон,000000541,106.89971,17,N,47.89913
Таван богд компани,000000539,106.88838,18,N,47.89754
Жем,000000535,106.87959,19,N,47.8945
Барилга угсралт компани,000000532,106.87335,20,N,47.89555
ТЭЦ-3,000001464,106.86759,21,N,47.89925
Тахилтын эцэс,000000036,106.68255,1,N,47.93571
Тахилт 5,000000820,106.687,2,N,47.93055
Тахилт 4,000000822,106.69163,3,Y,47.92506
Тахилт 3,000000824,106.69599,4,N,47.92105
Тахилт 2,000000826,106.70026,5,N,47.91821
Тахилт 1,000000828,106.70607,6,N,47.914320000000004
Тахилт давхар,000000830,106.70972,7,N,47.91151
Тахилт зам анги,000000832,106.71341,8,Y,47.90865
Тахилт задгай,000000834,106.71969,9,N,47.90679
Ногоон хашаа,000000836,106.72514,10,N,47.90581
Тахилт худаг,000000838,106.73182,11,N,47.90729
Тахилт жаргалант,000000032,106.73532,12,N,47.910470000000004
СХД 22-р хороо,000000841,106.73975,13,N,47.91178
Номгон,000000847,106.74568,14,N,47.91296
Тойрог,000000843,106.75069,15,Y,47.91509
Орбит хуучин эцэс,000000031,106.75429,16,Y,47.91228
Хүнс трейд,000000029,106.76296,17,N,47.90747
Зоорь,000000892,106.76908,18,N,47.90799
Цэргийн хотхон,000000027,106.77972,19,N,47.91038
3-р эмнэлэг,000000148,106.85913,29,N,47.91331
НИСЭХ,000000505,106.7631,1,N,47.86531
7-р сургууль,000000507,106.76186,2,Y,47.86039
Орон сууц,000000509,106.76211,3,Y,47.8571
Яармагийн дэнж-1,000001285,106.78815,8,N,47.86223
Яармагийн дэнж,000000514,106.78665,9,N,47.86684
Элиганс хороолол,000001287,106.78446,10,N,47.87232
Сонсголон завсар,000001289,106.78464,11,N,47.88014
Бетон зуурмаг,000001291,106.78512,12,Y,47.88411
Карьер,000000046,106.78533,13,N,47.88821
Сонсголон ШТС,000001293,106.7855,14,N,47.89273
Дэвшил компани,000000044,106.7857,15,N,47.8986
Мах маркет,000000042,106.78585,16,N,47.90198
Монос эмийн үйлдвэр,000000040,106.78602,17,N,47.90607
Баруун салааны шинэ эцэс,000000933,106.7845,1,N,48.01749
Баруун салааны 12-р буудал,100000111,106.78784,2,N,48.01176
Баруун салааны 11-р буудал,100000110,106.79001,3,N,48.00797
Баруун салааны 10-р буудал,100000108,106.79494,4,N,48.00278
Баруун салааны 9-р буудал,100000106,106.79814,5,N,47.99714
Баруун салааны 8-р буудал,100000104,106.79997,6,N,47.99252
БАРУУН САЛААНЫ ЭЦЭС,000000130,106.80177,7,N,47.98751
Баруун салааны 6-р буудал,000001280,106.80332,8,N,47.9806
Баруун салааны 5-р буудал,000000132,106.80406,9,N,47.97658
Баруун салааны завсар,000001610,106.80488,10,N,47.9743
Баруун салааны 4-р буудал,000000128,106.80734,11,N,47.97022
Баруун салааны 3-р буудал,000001278,106.81171,12,N,47.96741
Баруун салааны 2-р буудал,000000654,106.81687,13,N,47.96276
Баруун салааны 1-р буудал,000000126,106.8206,14,N,47.95971
Баян хошуу хуучин эцэс,000000105,106.82592,15,N,47.95324
7-р хороо,000000103,106.82491,16,N,47.94834
Цэргийн анги,000000101,106.82122,17,Y,47.94496
Хилчин хотхон,000000649,106.81561,18,N,47.94194
Шар тал дэлгүүр,000000749,106.81131,19,N,47.93484
Хуруувчхан дэлгүүр,000000751,106.81133,20,N,47.93159
Өнхрүүш компани,000000753,106.80987,21,N,47.92799
Авто сургууль,000000062,106.81447,22,N,47.9214
21-р хороолол,000000052,106.81679,23,N,47.9205
Цахилгаан тээвэр,000000050,106.81808,24,N,47.91711
Геологийн төв лаборатори,000000048,106.81868,25,N,47.91108
Зээлийн 1,000000966,106.80896,7,N,47.95756
Зээлийн 2,000000968,106.80913,8,N,47.95269
Зээлийн 3,000000970,106.80775,9,N,47.94911
Зээлийн 4,000000972,106.80745,10,N,47.94525
Шар дэлгүүр,000000974,106.81125,11,N,47.93497
5 Шар,000001412,106.81549,18,N,47.91006
6-р Хороолол,000000255,106.90336,5,N,47.92698
Нарны титэм,000000253,106.90109,6,N,47.92344
Бөмбөгөр худалдааны төв,000000251,106.89888,7,Y,47.9197
Баруун 4 зам,000000155,106.89281,8,N,47.91517
ТБД андууд,000000153,106.8863,9,N,47.9149
Богд ар хороолол,000001403,106.88384,10,N,47.91128
Вокзал,000000671,106.88512,11,N,47.90902
Олимп хотхон,000000724,106.86052,2,N,47.89865
Мотобуудлага спорт төв,000000560,106.85715,3,N,47.9017
ТЭХ барилгын зах,000000635,106.85564,4,N,47.90468
3-р эмнэлэг,000000145,106.85505,5,N,47.91468
Гэмтлийн эмнэлэг,000000161,106.85921,6,Y,47.92143
Ахуй Үйлчилгээний ордон,000000169,106.889,2,N,47.9242
Хүрээ дээд сургууль,000000170,106.88388,3,N,47.92584
Бичлийн аркны буудал,000000171,106.87889,4,Y,47.925110000000004
13-р сургууль,000000188,106.87275,5,N,47.92495
ТЭХ барилгын зах,000000634,106.85542,8,N,47.90452
Мотобуудлага спорт төв,000000561,106.8574,9,N,47.90069
Олимп хотхон,000000725,106.86149,10,Y,47.89885
ТЭЦ-3,000000533,106.8677,11,N,47.89923
Цагаан давааны задгай,000000770,106.97531,1,N,47.94663
Монелийн 43,000001544,106.97064,2,N,47.94697
Монелийн 38,000000441,106.96946,3,N,47.94298
430-р худаг,000000762,106.96883,4,N,47.94043
Цэлмэг хүнс дэлгүүр,000000764,106.96724,5,N,47.93749
Фунтик,000000766,106.9652,6,Y,47.93303
Капитрон банк,000000768,106.9658,7,N,47.92883
Цайз зах,000000424,106.97287,8,N,47.924080000000004
72-р хотхон,000000427,106.97403,9,N,47.92231
Алдар спорт хороо,000000584,106.97345,10,N,47.91786
Баянзүрх дүүрэг,000000378,106.96472,12,N,47.91662
Монгол кино үйлдвэр,000000376,106.95984,13,N,47.91705
Жуковын музей,000000374,106.94882,14,N,47.91804
Сансарын үйлчилгээний төв,000000414,106.94168,15,N,47.92571
Гадна тойруу 1,000001547,106.96836,3,N,47.94984
Гадна тойруу 2,000001549,106.96271,4,Y,47.95406
Гадна тойруу 3,000001551,106.95046,5,N,47.95398
Рашааны гудамж 1,000001555,106.93107,8,N,47.94965
Рашааны гудамж 2,000001557,106.92196,9,N,47.94979
Рашааны гудамж 3,000001559,106.91508,10,N,47.9491
9-р дэлгүүр,000000302,106.92088,13,N,47.9377
Жоби дэлгүүр,000000303,106.92722,14,N,47.93125
100 айл,000000305,106.92837,15,N,47.92986
Зүүн 4 зам,000000372,106.94169,12,N,47.919
Хөдөлмөрийн яам,000000370,106.93232,13,N,47.91849
МУБИС,000000585,106.92596,14,N,47.91811
Сүхбаатарын талбай,100000131,106.91796,15,N,47.91707
Мөнгөн завьяа,000000193,106.90946,16,N,47.91655
Энхтайван найрамдлын ордон,100000010,106.90221,17,N,47.91592
Макс Малл,000001154,106.89122,19,N,47.91585
Модны 2,000000159,106.8909,20,N,47.91914
БАЯНХОШУУ,000000117,106.83873,1,N,47.9597
Жанцан дэлгүүр,000000114,106.84197,2,N,47.9554
112-ын Буудал,000000641,106.85314,3,N,47.9533
Хөтөл,000000643,106.85972,4,Y,47.95068
Цэгээн нуур,000001295,106.86531,5,N,47.9478
Колонкийн буудал,000000140,106.86969,6,N,47.9456
Шинэ буудал,000000142,106.87533,7,N,47.94344
626-р худаг,000001436,106.88114,8,N,47.94117
Зурагт шинэ эцэс,000000195,106.88335000000001,9,N,47.938
Зурагт хуучин эцэс,000000197,106.88798,10,N,47.93102
МҮИС,000000199,106.89373,11,N,47.92661
1-р Байр,000000745,106.85184,18,N,47.91699
11-р Байр,000000746,106.8465,19,N,47.91692
23-р байр,000000017,106.8386,20,N,47.9169
34-р байр,000000013,106.83227,21,Y,47.91552
Жанцан дэлгүүр,000000116,106.83897,2,N,47.95524
Баянхошуу завсар,000000625,106.8339,3,N,47.95553
Баян хошуу тойрог,000000113,106.8275,4,N,47.95628
Шинэ давхар,000000099,106.81485,9,N,47.93648
Өндөр настан,000000097,106.81611,10,N,47.93307
Давхар дэлгүүр,000000056,106.81657,11,N,47.92835
Сонгино хайрхан дүүрэг,000000054,106.8161,12,N,47.92403
Богд ар хороолол,000001404,106.88403,2,N,47.912
25-р эмийн сан,000000152,106.87856,3,N,47.91456
Эрдмийн ундраа цогцолбор,000000186,106.86892,4,N,47.91838
Гэмтлийн эмнэлэг,000000184,106.85848,5,N,47.91884
Дүүхээ дэлгүүр,000000163,106.8686,7,N,47.92231
11-р байр,000000166,106.87282,8,N,47.92244
Парадокс,000000167,106.87834,9,N,47.92258
Сентоза,000000168,106.88698,10,N,47.92292
Гандан,000000176,106.89389,11,N,47.92452
Цагаан байр,000000260,106.90688,12,Y,47.93405
Дэнжийн 1000-ын 1-р зогсоол,000000215,106.90557,13,N,47.93986
Дэнжийн 1000-ын 2-р зогсоол,000000214,106.90303,14,N,47.94398
Дэнжийн 1000-ын 3-р зогсоол,000000212,106.90027,15,N,47.94623
Дэнжийн 1000-ын 4-р зогсоол,000000210,106.89761,16,N,47.9483
Булгын 6-р гудамж,000000208,106.89238,17,N,47.95108
Дэнжийн 1000-ын 5-р зогсоол,000000205,106.88864,18,N,47.95243
Дэнжийн 1000-ын 6-р зогсоол,000001439,106.88426,19,N,47.95575
Дэнжийн 1000-ын эцэс,000000204,106.8814,20,N,47.95871
Барс худалдааны төв,000000180,106.89058,2,N,47.90896
Тээврийн товчоо,000000179,106.89483,3,N,47.9116
Элба дэлгүүр,000000248,106.89559,4,N,47.91639
Бөмбөгөр худалдааны төв,000000250,106.89947,5,N,47.92033
Баянбогд төв,000000252,106.90193,6,N,47.92514
6-р Хороолол,000000254,106.90413,7,N,47.92724
Дэнжийн 1000-ын эцэс,000000678,106.88172,16,N,47.9588
57-р сургууль,000000265,106.91184,16,N,47.93957
39-р сургууль,000000263,106.90799,17,N,47.93588
Цагаан байр,000000261,106.90564,18,N,47.93281
19-р байр,000000008,106.83945,29,N,47.9119
32-р байр,000000010,106.83255,30,N,47.91136
Та Чи,000000019,106.824,31,N,47.9107
Сүү хувьцаат компани,000000047,106.8187,32,N,47.91267
Цахилгаан тээвэр,000000049,106.8184,33,N,47.91654
21-р хороолол,000000051,106.81699,34,N,47.92084
ЧИНГИС СООСЭ Дээд Сургууль,000000061,106.81265,35,N,47.92149
ЗҮРХ УУЛ /Чингэлтэйн эцэс/,000000230,106.87386,1,N,48.00035
Зүрх уулын 2-р зогсоол,000000229,106.87724,2,N,47.99476
Зүрх уулын 1-р зогсоол,000000227,106.88147,3,N,47.98982
Чингэлтэйн хуучин эцэс,000000232,106.88299,4,N,47.98506
Чингэлтэйн 6-р зогсоол,000000225,106.88808,5,N,47.9812
Чингэлтэйн 5-р зогсоол,000000235,106.8929,6,N,47.97776
Чингэлтэйн 4-р зогсоол,000000234,106.90091,7,N,47.97442
Чингэлтэйн 3-р зогсоол,000000238,106.90528,8,N,47.97142
Чингэлтэйн 2-р зогсоол,000000665,106.91168,9,N,47.96955
Хүнсний 1-р дэлгүүр,000000201,106.911,19,Y,47.92388
Ард кино театр,000000203,106.9116,20,Y,47.91784
39-р сургууль,000000262,106.90946,7,N,47.93753
57-р сургууль,000000264,106.91273,8,N,47.93951
32-ын тойрог,000000266,106.91446,9,N,47.94484
17-р сургууль,000000268,106.91423,10,N,47.95046
5 буудал,000000246,106.91539,11,N,47.95517
7 Завсар,000000244,106.91631,12,N,47.95874
Оргил супермаркет,000001443,106.91709,13,N,47.96166
6 буудал,000000242,106.91752,14,N,47.96576
Чингэлтэйн 1-р буудал,000000239,106.91556,15,N,47.96913
Чингэлтэйн 2-р зогсоол,000000664,106.91064,16,N,47.96999
Чингэлтэйн 3-р зогсоол,000000237,106.90359,17,N,47.97261
Чингэлтэйн 4-р зогсоол,000000233,106.89985,18,N,47.97497
Чингэлтэйн 5-р зогсоол,000000236,106.89253,19,N,47.97821
Чингэлтэйн 6-р зогсоол,000000226,106.88667,20,N,47.98238
Чингэлтэйн хуучин эцэс,000000231,106.88303,21,N,47.98556
Зүрх уулын 1-р зогсоол,000001468,106.88138000000001,22,N,47.99021
Зүрх уулын 2-р зогсоол,000000228,106.87677,23,N,47.99579
Буянт ухаа-1,000001531,106.76549,4,N,47.85607
ТЭЦ4-дунд,000001467,106.79283,14,N,47.8907
Зогсоол-5,000001303,106.80023,15,N,47.89082
Зогсоол-4,000001301,106.81081,16,N,47.89122
Зогсоол-3,000001191,106.81735,17,N,47.89365
Зогсоол-2,000001189,106.82519,18,N,47.89745
Зогсоол-1,000001187,106.83877,19,N,47.89838
Говь 2,000001470,106.84628,20,N,47.89883
ОУБДС,000001186,106.85099,21,N,47.90065
Тоосгоны Үйлдвэр Эцэс,000000706,106.95759,1,N,47.98332
Тоосгоны Үйлдвэр,000000704,106.94996,2,N,47.98106
Дарь эх Завсар 2,000000591,106.93792,3,N,47.97763
Дарь эх завсар 1,000000479,106.93149,4,N,47.9735
33-ын буудал,000000488,106.93043,5,N,47.97118
Станц,000001162,106.93101,6,N,47.96497
Сод Монгол ШТС,000001164,106.93353,7,N,47.95962
Ганц худаг,000000481,106.93382,8,N,47.95508
Дарь эх Шинэ эцэс,000000485,106.93288,9,N,47.95078
Дүнжингарав дэлгүүр,000000709,107.00376,24,Y,47.90694
2-ын Буудал,000000710,106.99549,25,N,47.90522
Жанжин Клуб,000000682,106.99379,26,N,47.90726
Өвөр согоот,000001140,106.92511,1,N,48.01703
Өвөр-Согоот 1-р зогсоол,000000644,106.93011,2,N,48.01369
Худгийн зогсоол,000000794,106.93444,3,N,48.01106
Өвөр согоот 2-р зогсоол,100000045,106.93655,4,N,48.00602
Өвөр согоот Усан сан,000000803,106.93788,5,N,48.00213
Япон цэргийн цогцолбор,000000680,106.93925,6,N,47.99771
65-ын зогсоол,000000801,106.93769,7,N,47.99084
Сургуулийн буудал,000000321,106.93682,8,Y,47.98716
Дамбадаржаа хийд,000000799,106.93491,9,N,47.98141
Миний зах,000000316,106.92752,10,N,47.97747
МҮЭСТО,000000804,106.89456,25,N,47.91413
Барс худалдааны төв,000000189,106.89276,26,N,47.90951
Сэлх ,000001179,106.96591,1,N,48.04162
Сэлх 6,000001177,106.96432,2,N,48.03551
Сэлх 5,000001175,106.96387,3,N,48.03052
Сэлх 4,000001173,106.96336,4,N,48.02498
Сэлх 3,000001171,106.96764,5,N,48.01757
Сэлх 2,000001169,106.97146,6,Y,48.01253
Сэлх 1,000001167,106.97635,7,N,48.00809
Дерийм дэлгүүр,000000595,106.9762,8,N,48.00276
71-р Сургууль,000000593,106.97285,9,N,47.9992
Бэлхийн хуучин эцэс,000000598,106.96672,10,N,47.9959
Цэнхэр ТҮЦ,000000328,106.959,11,N,47.99209
Цагаан худаг,000000326,106.95371,12,N,47.98947
Нарийн гудамж,000000599,106.94723,13,N,47.98631
Дамбадаржаа завсар,000000324,106.94358,14,N,47.98451
Хаан банк,000000318,106.93905,15,N,47.98207
Сэлбэ амралт,000000361,107.00335,1,N,48.05783
Сэлбэ 9,000000726,107.00315,2,N,48.04972
Сэлбэ 8,000000728,107.00283,3,N,48.04518
Сэлбэ 7,000000730,107.00299,4,N,48.04009
Сэлбэ 6,000000732,107.00292,5,N,48.03529
Сэлбэ 5,000000734,107.00079,6,N,48.02974
Сэлбэ 4,000000736,106.99744,7,N,48.02349
Сэлбэ 3,000000738,106.99546,8,N,48.02049
Сэлбэ 2,000000740,106.9901,9,N,48.01585
Сэлбэ 1,000000742,106.98415,10,N,48.01123
СБД 20-р хороо,000000360,106.98219,11,N,48.00953
Түмэн баялаг дэлгүүр,000000597,106.97963,12,N,48.00662
Дамбадаржаа,000000601,106.93829,21,N,47.97966
Сансар /Тунель/,000000415,106.94124,33,N,47.92417
Хөгжим бүжгийн коллеж,000000289,106.92642,34,N,47.92307
Чингис зочид буудал,000000937,106.93488,2,Y,47.92188
Аэрофлот,000000277,106.90041,6,N,47.91322
УЛИАСТАЙН ШИНЭ ЭЦЭС,000000399,107.0338,1,Y,47.91763
Улиастайн хуучин эцэс,000000398,107.03694,2,N,47.91292
Шар дэлгүүр,000000396,107.03504,3,N,47.90765
Пост,000000783,107.03456,4,N,47.90555
Сансар /Тунель/,000001012,106.94128,11,N,47.92421
Монгол Улсын Их Сургууль,000001349,106.92032,13,Y,47.92247
Баянгол зочид буудал,000000283,106.91505,15,N,47.91339
Монелийн 43,000001362,106.96976,2,N,47.94684
УЛААНХУАРАН -ын эцэс,000000439,106.98461,1,N,47.91842
Батлан хамгаалахын ИС,000001399,106.98591,2,N,47.92198
4-р хороолол,000000157,106.87753,19,N,47.91808
Ханын Материалын Комбинат,000000058,106.82003,1,N,47.9337
Гялгар зах,000000224,106.91076,22,N,47.95047
Хайлааст-Давхрын буудал,000000222,106.90753,23,N,47.95262
49-р сургууль,000000217,106.90243,24,N,47.9566
Хайлааст хуучин эцэс,000000220,106.89717,25,N,47.9615
Хайлааст завсар 1,000000658,106.88891,26,N,47.9655
Хайлааст завсар 2,000000657,106.88652,27,N,47.96681
Хайлааст завсар 3,000000190,106.8796,28,N,47.96985
Хайлаастын шинэ эцэс,000000192,106.8727,29,Y,47.97269
Монгол Улсын Их Сургууль,000000288,106.92022,3,N,47.92242
Тэнгис кино театр,000000258,106.90448,4,N,47.92203
Баянбүрд,000000256,106.90858,13,N,47.92824
Өдрийн сонин,000000271,106.92001,14,N,47.92917
Алтан тариа,000000687,106.80336,1,Y,47.91499
Чингэлтэй дүүрэг,000000259,106.907,14,N,47.92193
Монгол Улсын Их Сургууль,000000307,106.92211,15,N,47.92247
64-р дэлгүүр,000000290,106.92692,16,N,47.92269
Генерал худалдааны төв,000000583,106.97389,23,Y,47.9194
72-р хотхон,000000426,106.97434,24,N,47.92292
16-р хороолол,000000428,106.98147,25,N,47.92361
Батлан хамгаалахын ИС,000001400,106.98579,26,N,47.92041
УЛААНХУАРАН -ын эцэс,000001227,106.98435,27,N,47.91854
Баян хошуу тойрог,000000112,106.82885,9,N,47.95596
Баянхошуу завсар,000000624,106.83502,10,N,47.95522
ХАЛДВАРТЫН ЭМНЭЛЭГ,000000402,106.94841,27,N,47.91272
ЗАЙСАН,000000554,106.91166,1,N,47.87717
Сөүл хотхон,000001426,106.91305,2,N,47.8808
Америк Cургууль,100000029,106.91689,3,N,47.88292
Зайсан голден вилл,100000030,106.91758,4,N,47.88456
Танктай хөшөө,000000576,106.91326,5,N,47.88731
Оргил рашаан сувилал,000000549,106.9086,6,N,47.89551
Дунд голын 1-р буудал,000000701,106.90819,8,N,47.90524
Жаргалант төв,000000700,106.89592,9,N,47.90193
Алтай хотхон,000000629,106.89343,10,N,47.90412
НАРАНГИЙН ГОЛ,000000090,106.76573,1,N,47.93446
Нарангийн гол Дунд буудал,000000089,106.76512,2,N,47.93055
Нарангийн гол хуучин эцэс,000000087,106.76513,3,N,47.92807
Гараашийн буудал,000000085,106.76532,4,N,47.92398
Цэнхэр дэлгүүр,000000083,106.765,5,N,47.92283
СХД 1-р хороо,000000081,106.76613,6,N,47.92015
Толгойтын эцэс,000000070,106.78184,10,N,47.91859
Толгойт Шөнийн дэлгүүр,000000068,106.78922,11,N,47.91974
65-р дэлгүүр,000000066,106.79534,12,N,47.92014
Их наран 1,000000064,106.79988,13,N,47.92038
Толгойт-1,000001411,106.8066,14,N,47.92079
Барилга угсралт компани,000000531,106.87403,28,N,47.89494
Хурд хороолол,000000780,106.91597,32,N,47.89924
Жапен таун,000000778,106.92672,33,N,47.89953
Үндэсний Цэцэр-хүр,000000776,106.94035,34,N,47.90222
Дүнжингарав Худалдааны төв,000000621,106.94901,35,N,47.90496
Улаанчулуут,000000137,106.78714,1,Y,47.94198
Улаан чулуут завсар,000000136,106.79032,2,N,47.93692
Их Наран,000000668,106.7932,3,N,47.93264
Их наран 2,000000094,106.79633,4,Y,47.92782
Их наран дунд зогсоол,000000092,106.79907,5,N,47.92253
Их наран 1,000000962,106.80155,6,N,47.9205
Хермес худалдааны төв,000001405,106.87435,19,N,47.91093
Зүүн салааны хуучин эцэс,000000003,106.82546,1,N,47.99864
Одонт 44,000000124,106.82584,2,N,47.99474
Одонт 30,000000123,106.82749,3,N,47.98898
Улаан худаг,000000121,106.82764,4,N,47.98341
Улаан дэлгүүр,000000119,106.82857,5,N,47.97585
Зүүн салааны эцэс,000000111,106.82939,6,N,47.96992
Зүүн салааны 2-р зогсоол,000000109,106.82839,7,N,47.96345
Зүүн салааны 1-р зогсоол,100000019,106.82791,8,N,47.9622
Баянхошууны зогсоол,000000957,106.83364,8,N,47.96122
34-р байр,000000012,106.83245,1,Y,47.91537
23-р байр,000000016,106.83855,2,N,47.91674
11-р байр,000000014,106.84659,3,N,47.91674
1-р байр,000000015,106.8514,4,N,47.91684
М-ойл ШТС,000000183,106.85714,5,N,47.91864
Эрдмийн ундраа цогцолбор,000000185,106.86933,6,N,47.91825
Монгени сургууль,000000639,106.88226,8,N,47.91824
120 мянгат,000000543,106.91001,9,N,47.90132
MCS-ын буудал,000000548,106.9085,10,N,47.89485
Хөдөө аж ахуйн их сургууль,000000551,106.91071,11,N,47.88655
Лаборатори,000000552,106.91107,12,N,47.88246
Сөүл хотхон,000001427,106.9126,13,N,47.88008
ЯАРМАГИЙН ЭЦЭС,000000516,106.80663,1,N,47.87274
Яармаг хуучин эцэс,000000518,106.80656,2,Y,47.86652
МУБИС,000000286,106.92385,16,Y,47.91857
25-р эмийн сан,000000156,106.87656,18,N,47.91544
МҮИС,000000198,106.89326,22,N,47.92714
Зурагт хуучин эцэс,000000196,106.8868,23,N,47.93351
Зурагт шинэ эцэс,000000194,106.88355,24,N,47.93803
Шинэ буудал,000000141,106.87446,25,N,47.94387
Колонкийн буудал,000000139,106.86894,26,N,47.94611
Мөнгөн болор угаалга,000001294,106.86313,27,N,47.9491
Хөтөл,000000642,106.85895,28,N,47.95124
112-н Буудал,000000640,106.85131,29,N,47.95419
Жанцан дэлгүүр,000000115,106.84028,30,Y,47.95699
Дэнжийн 1000-ын 6-р зогсоол,000001438,106.88438,2,Y,47.95526
Дэнжийн 1000-ын 5-р зогсоол,000000206,106.88896,3,N,47.95185
Дэнжийн 1000-ын 4-р зогсоол,000000209,106.89734,4,N,47.94822
Дэнжийн 1000-ын 3-р зогсоол,000000211,106.90148,5,N,47.94555
Дэнжийн 1000-ын 2-р зогсоол,000000213,106.90325,6,N,47.94297
Дэнжийн 1000-ын 1-р зогсоол,000000216,106.90647,7,N,47.9387
Хүрд компани,000000296,106.91429,11,N,47.92794
Алтан овоо 48-р гудамж,000001347,106.77654,1,N,47.9539
Алтан овооны завсар 3,000000943,106.77773,2,N,47.95141
Алтан овооны завсар 2,000000941,106.78037,3,N,47.94805
Алтан овооны завсар 1,000000939,106.7851,4,N,47.94231
65-р дэлгүүр,000000067,106.79329,1,N,47.92013
Толгойт Шөнийн дэлгүүр,000000069,106.7881,2,N,47.91983
ТОЛГОЙТЫН ЭЦЭС,000000071,106.78174,3,N,47.91878
Алтан овооны 6,000000955,106.77392,2,N,47.9508
Алтан овооны 5,000000953,106.77613,3,N,47.94608
Алтан овооны 4,000000951,106.77813,4,N,47.94307
Алтан овооны 42-р гудамж,000001364,106.78321,5,N,47.93601
Алтан овооны 3,000001365,106.78397,6,N,47.93307
Алтан овооны 2,000001367,106.78574,7,N,47.92786
Алтан овооны 1,000001369,106.78515,8,N,47.92278
Хан Хиллс,000001377,106.92649,1,N,47.89203
Ривер гарден 1,000001452,106.93422,2,Y,47.88971
Маршал таун,000000626,106.93683,3,N,47.892830000000004
Энканто таун,000001340,106.92904,4,N,47.90209
Эрүүл мэнд Спортын Яам,000000608,106.9212,5,N,47.91515
Цагаан давааны задгай,000001213,106.97501,1,N,47.94666
Худаг,000001212,106.9753,2,N,47.94315
Мишээл дэлгүүр,000001210,106.97502,3,N,47.93554
5 Толгой дэлгүүр,000001208,106.97458,4,N,47.93214
Жолооны дадлагын талбай,000001206,106.97302,5,Y,47.92612
Энканто таун,000001339,106.92965,10,N,47.90099
Их монгол хороолол,000001446,106.9436,12,N,47.90593
Шөнийн зах,000000405,106.9436,13,N,47.90981
Баянзүрх их дэлгүүр,000000400,106.94395,14,N,47.91348
Цэцэг төв,000000202,106.91187,9,N,47.91838
Хүнсний 1-р дэлгүүр,000000200,106.91092,10,N,47.92299
4-р дэлгүүр,000000293,106.91754,11,N,47.92769
11-р хороолол,000000291,106.9269,13,N,47.92688
Морин 3,000001453,106.72498,1,N,47.84525
Морин 7,000001454,106.72308,2,N,47.84702
Морин 11,000001455,106.72163,3,N,47.84837
Морин 10,000001456,106.72417,4,N,47.84922
Морин 6,000001457,106.72654,5,N,47.84729
Морин 2,000001458,106.72854,6,N,47.84557
Орон сууц,000000508,106.76215,8,N,47.85753
7-р сургууль,000000506,106.76233,9,N,47.86147
Буянт-ухаа спорт цогцолбор,000000632,106.78234,4,N,47.856700000000004
ИНЕГ,000000511,106.77677,5,N,47.85641
Нисэхийн дэнж,000000513,106.77038,6,N,47.85631
Буянт ухаа-1,000000504,106.76394,7,N,47.85612
Нисэх 1-р зогсоол,000000912,106.7642,10,N,47.86928
Нисэхийн шинэ эцэс,000000916,106.76032000000001,11,Y,47.87154
Гэмтлийн эмнэлэг,100000026,106.85934,1,N,47.92149
Ард кино театр,000001451,106.91156,8,N,47.91791
MSM,000000720,106.87126,14,N,47.89167
Вива сити,000000528,106.85746,15,N,47.88098
Хүннү Их дэлгүүр,000000717,106.85002,16,N,47.87708
Хүүхдийн парк,000000308,106.9224,5,N,47.91312
Үндэсний Цэцэр-хүр,000000775,106.93903,8,N,47.90208
Хүннү 2222 хороолол,100000148,106.92694,9,N,47.89768
Жапен таун,000001494,106.91911,10,N,47.89746
Академи хотхон,000001496,106.91471,11,N,47.8964
Могул таун,000001536,106.90736,9,N,47.87478
Номун хотхон,000001538,106.90533,10,N,47.87096
БОГДХАН АМРАЛТ,000001540,106.90314,11,Y,47.86685
ТЭЦ4,000000756,106.7976,1,Y,47.89065
ТЭЦ4-дунд,000001466,106.79171,2,N,47.89081
7 буудал,000000240,106.91751,29,N,47.96906
Замын цагдаагийн пост,000000313,106.91829,30,N,47.97472
Салхит завсар-1,000001255,106.92126,31,N,47.98055
Салхит завсар-2,000001257,106.92415,32,N,47.98395
Салхит завсар-3,000001342,106.92537,33,N,47.98939
Салхит,000000330,106.92587,34,N,47.99407
Ар согоот,000000332,106.92448,35,N,48.00101
Зунжин худалдааны төв,000000900,106.92339,36,N,48.00525
Модны 2,000001001,106.89063,16,N,47.91905
13-р сургууль,000000187,106.87325,17,N,47.92479
Хайлааст завсар 3,000000191,106.88026,2,Y,47.96943
Хайлааст завсар 2,000000219,106.88516,3,N,47.96724
Хайлааст завсар 1,000000659,106.88957,4,N,47.9651
Хайлааст хуучин эцэс,000000221,106.89677,5,N,47.96193
49-р сургууль,000000218,106.90174,6,N,47.95699
Хайлааст-Давхрын буудал,000000223,106.90669,7,N,47.95309
Механик инженер сурууль,000000557,106.89326,20,N,47.900710000000004
Зүүн салааны шинэ эцэс,100000142,106.82377,1,N,48.01654
Зүүн салааны 5-р зогсоол,100000100,106.82364,2,N,48.01341
Зүүн салааны 4-р зогсоол,100000098,106.82362,3,N,48.00959
Зүүн салааны 3-р зогсоол,100000096,106.82478,4,N,48.00466
Зүүн салааны 1-р зогсоол,000000107,106.82695,12,N,47.96058
ГАН ХИЙЦ КОМПАНИ,000000059,106.82286,1,N,47.93914
Энхжин худалдааны төв,000000037,106.79536,2,N,47.90829
Оргил худалдааны төв,000001442,106.77475,3,N,47.90655
Товчооны зам 1-р зогсоол,100000115,106.76452,4,N,47.90573
Товчооны зам 2-р зогсоол,100000117,106.75811,5,N,47.905030000000004
Товчооны зам 3-р зогсоол,100000119,106.74872,6,N,47.90409
Товчооны зам 4-р зогсоол,100000121,106.7408,7,N,47.90244
Товчооны зам 5-р зогсоол,100000123,106.72929,8,N,47.90193
Товчооны зам 6-р зогсоол,100000125,106.71562,9,Y,47.90082
Авто Худалдааны Цогцолбор,000001260,106.70277,10,N,47.88561
Авто Худалдааны Цогцолбор,000001261,106.70271,11,N,47.88595
ХУЖИРБУЛАНГИЙН ЭЦЭС,000000465,107.07623,1,N,47.92443
Хужирбулан завсар 2,000000464,107.07721,2,N,47.92097
11-р цэргийн анги,000000452,107.07575,3,N,47.91573
120-р сургууль,000001384,107.07087,4,N,47.91566
Гачуурт завсар,000000450,107.06772,5,N,47.91564
15-н зогсоол,000001382,107.0621,6,N,47.91554
Хар хошуу,000000449,107.05592,7,N,47.91546
Мангай,000000447,107.04338,8,N,47.9117
Ургах наран хороолол эцэс,000001480,107.11324,1,N,47.87412
ГАЧУУРТЫН ЭЦЭС,000000460,107.16234,1,N,47.92834
Дундын буудал,000000459,107.1538,2,N,47.92906
Баруун дэнж,000000462,107.14331,3,N,47.92715
Монгол шилтгээн,000000791,107.13299,4,N,47.92363
Цагаан дэлгүүр,000000789,107.12466,5,N,47.92063
Зам анги,000000712,107.11526,6,N,47.91799
Хүлэмж,000000787,107.10253,7,N,47.9164
Цагдаагийн пост,000000455,107.092,8,N,47.91584
Далан,000000785,107.08337,9,N,47.91589
2-ын Буудал,000000683,106.99638,2,N,47.90508
Дүнжингарав дэлгүүр,000000684,107.00387,3,N,47.90687
БЗД 6-р хороо,000000404,106.93656,13,N,47.9128
Шинэ үе дунд сургууль,000000309,106.92738,14,N,47.91258
